Statistics	Naive Bayes	Random Forest	SVM	KNN
	0.9079357468233038	0.8060417166147207	0.8360105490290098	0.7736753776072884
	0.9061965206387989	0.8006677444988328	0.8252298136411176	0.77443269043271
	0.8953872594024596	0.784659205864357	0.8224429297709458	0.758068882945072
	0.9000972806088152	0.7894890782273903	0.8228542937892716	0.7605991133365804
