Statistics	Naive Bayes	Random Forest	SVM	KNN
	0.9079357468233038	0.8204267561735795	0.8396068089187245	0.7892591704627188
	0.9055087459735043	0.8129561026818589	0.8316193847755666	0.7893396624944291
	0.8954044102268088	0.8009248441226345	0.8253013857850675	0.7747522488686511
	0.8998369329492094	0.8049790146248214	0.8271327782215806	0.7771358071789093
