Statistics	Naive Bayes	Random Forest	SVM	KNN
	0.9079357468233038	0.8019659554063774	0.8326540397986094	0.7767921361783745
	0.9061965206387989	0.8008508388540863	0.8227531344615734	0.7772839536996713
	0.8953872594024596	0.7820584878689365	0.8163237344900539	0.7629519650417673
	0.9000972806088152	0.7879715464772039	0.8178953989554693	0.7651557397077925
