Statistic Measure	Naive Bayes	Random Forest	SVM	KNN
Accuracy	0.9387737302749048	0.9558110007166114	0.9629049884930019	0.9587473791831693
Precision	0.9442060722499381	0.9535028078835616	0.9594748392473365	0.955778398010505
Recall	0.9171245270511156	0.9512879902747766	0.9602195909733438	0.9557849767686013
F-Measure	0.9255115567314476	0.9522009983101857	0.9597137090594897	0.9556058268490382
